{
  "accuracy": [
    0.6024464964866638,
    0.856269121170044,
    0.8899082541465759,
    0.9266055226325989,
    0.9388379454612732,
    0.9388379454612732,
    0.9388379454612732,
    0.9388379454612732,
    0.9388379454612732,
    0.9388379454612732,
    0.9388379454612732,
    0.9388379454612732,
    0.9388379454612732,
    0.9388379454612732,
    0.9388379454612732,
    0.9388379454612732,
    0.9388379454612732,
    0.9388379454612732,
    0.9388379454612732,
    0.9388379454612732,
    0.9388379454612732,
    0.9388379454612732,
    0.9388379454612732,
    0.9388379454612732,
    0.9388379454612732,
    0.9388379454612732,
    0.9418960213661194,
    0.9418960213661194,
    0.9418960213661194,
    0.9418960213661194,
    0.9418960213661194,
    0.9571865200996399
  ],
  "loss": [
    1.0084809064865112,
    0.5608904361724854,
    0.3835459351539612,
    0.298340767621994,
    0.25759580731391907,
    0.237541064620018,
    0.22414013743400574,
    0.2135632038116455,
    0.20625334978103638,
    0.19993141293525696,
    0.19416819512844086,
    0.18900436162948608,
    0.1843387931585312,
    0.1797335147857666,
    0.17538541555404663,
    0.17113202810287476,
    0.16703811287879944,
    0.16279298067092896,
    0.15743306279182434,
    0.15270371735095978,
    0.14845708012580872,
    0.14456802606582642,
    0.14059898257255554,
    0.13660669326782227,
    0.13276900351047516,
    0.12899334728717804,
    0.1252538561820984,
    0.12161590903997421,
    0.11809741705656052,
    0.11477555334568024,
    0.11149483174085617,
    0.10833574831485748
  ],
  "val_accuracy": [
    0.8085106611251831,
    0.9042553305625916,
    0.9255319237709045,
    0.936170220375061,
    0.936170220375061,
    0.936170220375061,
    0.936170220375061,
    0.936170220375061,
    0.936170220375061,
    0.936170220375061,
    0.936170220375061,
    0.936170220375061,
    0.936170220375061,
    0.936170220375061,
    0.936170220375061,
    0.936170220375061,
    0.936170220375061,
    0.936170220375061,
    0.936170220375061,
    0.936170220375061,
    0.936170220375061,
    0.936170220375061,
    0.936170220375061,
    0.936170220375061,
    0.936170220375061,
    0.936170220375061,
    0.936170220375061,
    0.957446813583374,
    0.957446813583374,
    0.9680851101875305,
    0.9680851101875305,
    0.9680851101875305
  ],
  "val_loss": [
    0.652019202709198,
    0.40282925963401794,
    0.295701801776886,
    0.24585561454296112,
    0.22462333738803864,
    0.21426288783550262,
    0.2058478444814682,
    0.1984345018863678,
    0.19387996196746826,
    0.18911801278591156,
    0.18492309749126434,
    0.18072561919689178,
    0.17694272100925446,
    0.17341561615467072,
    0.16984552145004272,
    0.1661689579486847,
    0.16258691251277924,
    0.1577826291322708,
    0.15336889028549194,
    0.14949284493923187,
    0.14544329047203064,
    0.14132162928581238,
    0.13738064467906952,
    0.13356032967567444,
    0.12945275008678436,
    0.12560206651687622,
    0.12181209772825241,
    0.11818753182888031,
    0.11476196348667145,
    0.11152799427509308,
    0.10833805054426193,
    0.10525157302618027
  ]
}